id;createdAt;updatedAt;dietId;comparisonDietId
1;2017-12-15 06:14:05.526861+00;2017-12-15 06:14:05.526861+00;21;22
2;2017-12-15 06:14:05.526861+00;2017-12-15 06:14:05.526861+00;255;257
3;2017-12-15 06:14:05.526861+00;2017-12-15 06:14:05.526861+00;1;2
4;2017-12-15 06:14:05.526861+00;2017-12-15 06:14:05.526861+00;3;4
5;2017-12-15 06:14:05.526861+00;2017-12-15 06:14:05.526861+00;5;6
6;2017-12-15 06:14:05.526861+00;2017-12-15 06:14:05.526861+00;7;8
7;2017-12-15 06:14:05.526861+00;2017-12-15 06:14:05.526861+00;9;10
8;2017-12-15 06:14:05.526861+00;2017-12-15 06:14:05.526861+00;11;12
9;2017-12-15 06:14:05.526861+00;2017-12-15 06:14:05.526861+00;13;14
10;2017-12-15 06:14:05.526861+00;2017-12-15 06:14:05.526861+00;15;16
11;2017-12-15 06:14:05.526861+00;2017-12-15 06:14:05.526861+00;17;18
12;2017-12-15 06:14:05.526861+00;2017-12-15 06:14:05.526861+00;19;20
13;2017-12-15 06:14:05.526861+00;2017-12-15 06:14:05.526861+00;23;24
14;2017-12-15 06:14:05.526861+00;2017-12-15 06:14:05.526861+00;25;26
15;2017-12-15 06:14:05.526861+00;2017-12-15 06:14:05.526861+00;27;28
16;2017-12-15 06:14:05.526861+00;2017-12-15 06:14:05.526861+00;29;30
17;2017-12-15 06:14:05.526861+00;2017-12-15 06:14:05.526861+00;31;32
18;2017-12-15 06:14:05.526861+00;2017-12-15 06:14:05.526861+00;33;34
19;2017-12-15 06:14:05.526861+00;2017-12-15 06:14:05.526861+00;35;36
20;2017-12-15 06:14:05.526861+00;2017-12-15 06:14:05.526861+00;37;38
21;2017-12-15 06:14:05.526861+00;2017-12-15 06:14:05.526861+00;39;40
22;2017-12-15 06:14:05.526861+00;2017-12-15 06:14:05.526861+00;41;42
23;2017-12-15 06:14:05.526861+00;2017-12-15 06:14:05.526861+00;43;44
24;2017-12-15 06:14:05.526861+00;2017-12-15 06:14:05.526861+00;45;46
25;2017-12-15 06:14:05.526861+00;2017-12-15 06:14:05.526861+00;47;48
26;2017-12-15 06:14:05.526861+00;2017-12-15 06:14:05.526861+00;49;50
27;2017-12-15 06:14:05.526861+00;2017-12-15 06:14:05.526861+00;51;52
28;2017-12-15 06:14:05.526861+00;2017-12-15 06:14:05.526861+00;53;54
29;2017-12-15 06:14:05.526861+00;2017-12-15 06:14:05.526861+00;55;62
30;2017-12-15 06:14:05.526861+00;2017-12-15 06:14:05.526861+00;56;59
31;2017-12-15 06:14:05.526861+00;2017-12-15 06:14:05.526861+00;57;61
32;2017-12-15 06:14:05.526861+00;2017-12-15 06:14:05.526861+00;58;60
33;2017-12-15 06:14:05.526861+00;2017-12-15 06:14:05.526861+00;63;64
34;2017-12-15 06:14:05.526861+00;2017-12-15 06:14:05.526861+00;65;66
35;2017-12-15 06:14:05.526861+00;2017-12-15 06:14:05.526861+00;67;68
36;2017-12-15 06:14:05.526861+00;2017-12-15 06:14:05.526861+00;69;70
37;2017-12-15 06:14:05.526861+00;2017-12-15 06:14:05.526861+00;71;72
38;2017-12-15 06:14:05.526861+00;2017-12-15 06:14:05.526861+00;73;74
39;2017-12-15 06:14:05.526861+00;2017-12-15 06:14:05.526861+00;75;76
40;2017-12-15 06:14:05.526861+00;2017-12-15 06:14:05.526861+00;77;78
41;2017-12-15 06:14:05.526861+00;2017-12-15 06:14:05.526861+00;79;80
42;2017-12-15 06:14:05.526861+00;2017-12-15 06:14:05.526861+00;81;82
43;2017-12-15 06:14:05.526861+00;2017-12-15 06:14:05.526861+00;83;84
44;2017-12-15 06:14:05.526861+00;2017-12-15 06:14:05.526861+00;85;86
45;2017-12-15 06:14:05.526861+00;2017-12-15 06:14:05.526861+00;87;90
46;2017-12-15 06:14:05.526861+00;2017-12-15 06:14:05.526861+00;88;89
47;2017-12-15 06:14:05.526861+00;2017-12-15 06:14:05.526861+00;91;92
48;2017-12-15 06:14:05.526861+00;2017-12-15 06:14:05.526861+00;93;94
49;2017-12-15 06:14:05.526861+00;2017-12-15 06:14:05.526861+00;95;96
50;2017-12-15 06:14:05.526861+00;2017-12-15 06:14:05.526861+00;97;98
51;2017-12-15 06:14:05.526861+00;2017-12-15 06:14:05.526861+00;99;100
52;2017-12-15 06:14:05.526861+00;2017-12-15 06:14:05.526861+00;101;102
53;2017-12-15 06:14:05.526861+00;2017-12-15 06:14:05.526861+00;103;104
54;2017-12-15 06:14:05.526861+00;2017-12-15 06:14:05.526861+00;105;108
55;2017-12-15 06:14:05.526861+00;2017-12-15 06:14:05.526861+00;106;107
56;2017-12-15 06:14:05.526861+00;2017-12-15 06:14:05.526861+00;109;110
57;2017-12-15 06:14:05.526861+00;2017-12-15 06:14:05.526861+00;111;112
58;2017-12-15 06:14:05.526861+00;2017-12-15 06:14:05.526861+00;113;114
59;2017-12-15 06:14:05.526861+00;2017-12-15 06:14:05.526861+00;115;116
60;2017-12-15 06:14:05.526861+00;2017-12-15 06:14:05.526861+00;117;118
61;2017-12-15 06:14:05.526861+00;2017-12-15 06:14:05.526861+00;119;120
62;2017-12-15 06:14:05.526861+00;2017-12-15 06:14:05.526861+00;121;122
63;2017-12-15 06:14:05.526861+00;2017-12-15 06:14:05.526861+00;123;124
64;2017-12-15 06:14:05.526861+00;2017-12-15 06:14:05.526861+00;125;126
65;2017-12-15 06:14:05.526861+00;2017-12-15 06:14:05.526861+00;127;128
66;2017-12-15 06:14:05.526861+00;2017-12-15 06:14:05.526861+00;129;130
67;2017-12-15 06:14:05.526861+00;2017-12-15 06:14:05.526861+00;131;132
68;2017-12-15 06:14:05.526861+00;2017-12-15 06:14:05.526861+00;133;134
69;2017-12-15 06:14:05.526861+00;2017-12-15 06:14:05.526861+00;135;136
70;2017-12-15 06:14:05.526861+00;2017-12-15 06:14:05.526861+00;137;138
71;2017-12-15 06:14:05.526861+00;2017-12-15 06:14:05.526861+00;139;140
72;2017-12-15 06:14:05.526861+00;2017-12-15 06:14:05.526861+00;141;142
73;2017-12-15 06:14:05.526861+00;2017-12-15 06:14:05.526861+00;487;488
74;2017-12-15 06:14:05.526861+00;2017-12-15 06:14:05.526861+00;143;144
75;2017-12-15 06:14:05.526861+00;2017-12-15 06:14:05.526861+00;145;146
76;2017-12-15 06:14:05.526861+00;2017-12-15 06:14:05.526861+00;147;148
77;2017-12-15 06:14:05.526861+00;2017-12-15 06:14:05.526861+00;149;150
78;2017-12-15 06:14:05.526861+00;2017-12-15 06:14:05.526861+00;151;152
79;2017-12-15 06:14:05.526861+00;2017-12-15 06:14:05.526861+00;153;154
80;2017-12-15 06:14:05.526861+00;2017-12-15 06:14:05.526861+00;155;156
81;2017-12-15 06:14:05.526861+00;2017-12-15 06:14:05.526861+00;157;158
82;2017-12-15 06:14:05.526861+00;2017-12-15 06:14:05.526861+00;159;160
83;2017-12-15 06:14:05.526861+00;2017-12-15 06:14:05.526861+00;161;162
84;2017-12-15 06:14:05.526861+00;2017-12-15 06:14:05.526861+00;163;164
85;2017-12-15 06:14:05.526861+00;2017-12-15 06:14:05.526861+00;165;166
86;2017-12-15 06:14:05.526861+00;2017-12-15 06:14:05.526861+00;167;168
87;2017-12-15 06:14:05.526861+00;2017-12-15 06:14:05.526861+00;169;170
88;2017-12-15 06:14:05.526861+00;2017-12-15 06:14:05.526861+00;171;172
89;2017-12-15 06:14:05.526861+00;2017-12-15 06:14:05.526861+00;173;174
90;2017-12-15 06:14:05.526861+00;2017-12-15 06:14:05.526861+00;175;176
91;2017-12-15 06:14:05.526861+00;2017-12-15 06:14:05.526861+00;177;178
92;2017-12-15 06:14:05.526861+00;2017-12-15 06:14:05.526861+00;179;180
93;2017-12-15 06:14:05.526861+00;2017-12-15 06:14:05.526861+00;181;182
94;2017-12-15 06:14:05.526861+00;2017-12-15 06:14:05.526861+00;183;184
95;2017-12-15 06:14:05.526861+00;2017-12-15 06:14:05.526861+00;185;186
96;2017-12-15 06:14:05.526861+00;2017-12-15 06:14:05.526861+00;187;188
97;2017-12-15 06:14:05.526861+00;2017-12-15 06:14:05.526861+00;189;190
98;2017-12-15 06:14:05.526861+00;2017-12-15 06:14:05.526861+00;191;192
99;2017-12-15 06:14:05.526861+00;2017-12-15 06:14:05.526861+00;193;194
100;2017-12-15 06:14:05.526861+00;2017-12-15 06:14:05.526861+00;195;196
101;2017-12-15 06:14:05.526861+00;2017-12-15 06:14:05.526861+00;197;198
102;2017-12-15 06:14:05.526861+00;2017-12-15 06:14:05.526861+00;199;200
103;2017-12-15 06:14:05.526861+00;2017-12-15 06:14:05.526861+00;201;202
104;2017-12-15 06:14:05.526861+00;2017-12-15 06:14:05.526861+00;203;204
105;2017-12-15 06:14:05.526861+00;2017-12-15 06:14:05.526861+00;205;206
106;2017-12-15 06:14:05.526861+00;2017-12-15 06:14:05.526861+00;207;208
107;2017-12-15 06:14:05.526861+00;2017-12-15 06:14:05.526861+00;209;210
108;2017-12-15 06:14:05.526861+00;2017-12-15 06:14:05.526861+00;211;212
109;2017-12-15 06:14:05.526861+00;2017-12-15 06:14:05.526861+00;213;214
110;2017-12-15 06:14:05.526861+00;2017-12-15 06:14:05.526861+00;215;216
111;2017-12-15 06:14:05.526861+00;2017-12-15 06:14:05.526861+00;217;218
112;2017-12-15 06:14:05.526861+00;2017-12-15 06:14:05.526861+00;219;220
113;2017-12-15 06:14:05.526861+00;2017-12-15 06:14:05.526861+00;221;222
114;2017-12-15 06:14:05.526861+00;2017-12-15 06:14:05.526861+00;223;224
115;2017-12-15 06:14:05.526861+00;2017-12-15 06:14:05.526861+00;225;226
116;2017-12-15 06:14:05.526861+00;2017-12-15 06:14:05.526861+00;227;228
117;2017-12-15 06:14:05.526861+00;2017-12-15 06:14:05.526861+00;229;230
118;2017-12-15 06:14:05.526861+00;2017-12-15 06:14:05.526861+00;231;232
119;2017-12-15 06:14:05.526861+00;2017-12-15 06:14:05.526861+00;233;234
120;2017-12-15 06:14:05.526861+00;2017-12-15 06:14:05.526861+00;235;236
121;2017-12-15 06:14:05.526861+00;2017-12-15 06:14:05.526861+00;237;238
122;2017-12-15 06:14:05.526861+00;2017-12-15 06:14:05.526861+00;239;240
123;2017-12-15 06:14:05.526861+00;2017-12-15 06:14:05.526861+00;241;242
124;2017-12-15 06:14:05.526861+00;2017-12-15 06:14:05.526861+00;243;244
125;2017-12-15 06:14:05.526861+00;2017-12-15 06:14:05.526861+00;245;249
126;2017-12-15 06:14:05.526861+00;2017-12-15 06:14:05.526861+00;246;250
127;2017-12-15 06:14:05.526861+00;2017-12-15 06:14:05.526861+00;247;248
128;2017-12-15 06:14:05.526861+00;2017-12-15 06:14:05.526861+00;251;252
129;2017-12-15 06:14:05.526861+00;2017-12-15 06:14:05.526861+00;253;254
130;2017-12-15 06:14:05.526861+00;2017-12-15 06:14:05.526861+00;256;258
131;2017-12-15 06:14:05.526861+00;2017-12-15 06:14:05.526861+00;259;260
132;2017-12-15 06:14:05.526861+00;2017-12-15 06:14:05.526861+00;261;262
133;2017-12-15 06:14:05.526861+00;2017-12-15 06:14:05.526861+00;263;264
134;2017-12-15 06:14:05.526861+00;2017-12-15 06:14:05.526861+00;265;266
135;2017-12-15 06:14:05.526861+00;2017-12-15 06:14:05.526861+00;267;268
136;2017-12-15 06:14:05.526861+00;2017-12-15 06:14:05.526861+00;269;274
137;2017-12-15 06:14:05.526861+00;2017-12-15 06:14:05.526861+00;270;273
138;2017-12-15 06:14:05.526861+00;2017-12-15 06:14:05.526861+00;271;272
139;2017-12-15 06:14:05.526861+00;2017-12-15 06:14:05.526861+00;275;277
140;2017-12-15 06:14:05.526861+00;2017-12-15 06:14:05.526861+00;276;278
141;2017-12-15 06:14:05.526861+00;2017-12-15 06:14:05.526861+00;279;280
142;2017-12-15 06:14:05.526861+00;2017-12-15 06:14:05.526861+00;281;284
143;2017-12-15 06:14:05.526861+00;2017-12-15 06:14:05.526861+00;282;283
144;2017-12-15 06:14:05.526861+00;2017-12-15 06:14:05.526861+00;285;286
145;2017-12-15 06:14:05.526861+00;2017-12-15 06:14:05.526861+00;287;288
146;2017-12-15 06:14:05.526861+00;2017-12-15 06:14:05.526861+00;289;292
147;2017-12-15 06:14:05.526861+00;2017-12-15 06:14:05.526861+00;290;291
148;2017-12-15 06:14:05.526861+00;2017-12-15 06:14:05.526861+00;293;294
149;2017-12-15 06:14:05.526861+00;2017-12-15 06:14:05.526861+00;295;297
150;2017-12-15 06:14:05.526861+00;2017-12-15 06:14:05.526861+00;296;298
151;2017-12-15 06:14:05.526861+00;2017-12-15 06:14:05.526861+00;299;300
152;2017-12-15 06:14:05.526861+00;2017-12-15 06:14:05.526861+00;301;302
153;2017-12-15 06:14:05.526861+00;2017-12-15 06:14:05.526861+00;303;304
154;2017-12-15 06:14:05.526861+00;2017-12-15 06:14:05.526861+00;305;306
155;2017-12-15 06:14:05.526861+00;2017-12-15 06:14:05.526861+00;307;308
156;2017-12-15 06:14:05.526861+00;2017-12-15 06:14:05.526861+00;309;310
157;2017-12-15 06:14:05.526861+00;2017-12-15 06:14:05.526861+00;311;312
158;2017-12-15 06:14:05.526861+00;2017-12-15 06:14:05.526861+00;313;314
159;2017-12-15 06:14:05.526861+00;2017-12-15 06:14:05.526861+00;315;316
160;2017-12-15 06:14:05.526861+00;2017-12-15 06:14:05.526861+00;317;318
161;2017-12-15 06:14:05.526861+00;2017-12-15 06:14:05.526861+00;319;320
162;2017-12-15 06:14:05.526861+00;2017-12-15 06:14:05.526861+00;321;322
163;2017-12-15 06:14:05.526861+00;2017-12-15 06:14:05.526861+00;323;324
164;2017-12-15 06:14:05.526861+00;2017-12-15 06:14:05.526861+00;325;326
165;2017-12-15 06:14:05.526861+00;2017-12-15 06:14:05.526861+00;327;328
166;2017-12-15 06:14:05.526861+00;2017-12-15 06:14:05.526861+00;329;330
167;2017-12-15 06:14:05.526861+00;2017-12-15 06:14:05.526861+00;331;332
168;2017-12-15 06:14:05.526861+00;2017-12-15 06:14:05.526861+00;333;334
169;2017-12-15 06:14:05.526861+00;2017-12-15 06:14:05.526861+00;335;337
170;2017-12-15 06:14:05.526861+00;2017-12-15 06:14:05.526861+00;336;338
171;2017-12-15 06:14:05.526861+00;2017-12-15 06:14:05.526861+00;339;340
172;2017-12-15 06:14:05.526861+00;2017-12-15 06:14:05.526861+00;341;342
173;2017-12-15 06:14:05.526861+00;2017-12-15 06:14:05.526861+00;343;344
174;2017-12-15 06:14:05.526861+00;2017-12-15 06:14:05.526861+00;345;346
175;2017-12-15 06:14:05.526861+00;2017-12-15 06:14:05.526861+00;347;352
176;2017-12-15 06:14:05.526861+00;2017-12-15 06:14:05.526861+00;348;351
177;2017-12-15 06:14:05.526861+00;2017-12-15 06:14:05.526861+00;349;350
178;2017-12-15 06:14:05.526861+00;2017-12-15 06:14:05.526861+00;353;354
179;2017-12-15 06:14:05.526861+00;2017-12-15 06:14:05.526861+00;355;360
180;2017-12-15 06:14:05.526861+00;2017-12-15 06:14:05.526861+00;356;359
181;2017-12-15 06:14:05.526861+00;2017-12-15 06:14:05.526861+00;357;358
182;2017-12-15 06:14:05.526861+00;2017-12-15 06:14:05.526861+00;361;365
183;2017-12-15 06:14:05.526861+00;2017-12-15 06:14:05.526861+00;362;366
184;2017-12-15 06:14:05.526861+00;2017-12-15 06:14:05.526861+00;363;364
185;2017-12-15 06:14:05.526861+00;2017-12-15 06:14:05.526861+00;367;368
186;2017-12-15 06:14:05.526861+00;2017-12-15 06:14:05.526861+00;369;370
187;2017-12-15 06:14:05.526861+00;2017-12-15 06:14:05.526861+00;371;372
188;2017-12-15 06:14:05.526861+00;2017-12-15 06:14:05.526861+00;373;374
189;2017-12-15 06:14:05.526861+00;2017-12-15 06:14:05.526861+00;375;378
190;2017-12-15 06:14:05.526861+00;2017-12-15 06:14:05.526861+00;376;377
191;2017-12-15 06:14:05.526861+00;2017-12-15 06:14:05.526861+00;379;380
192;2017-12-15 06:14:05.526861+00;2017-12-15 06:14:05.526861+00;381;382
193;2017-12-15 06:14:05.526861+00;2017-12-15 06:14:05.526861+00;383;384
194;2017-12-15 06:14:05.526861+00;2017-12-15 06:14:05.526861+00;385;386
195;2017-12-15 06:14:05.526861+00;2017-12-15 06:14:05.526861+00;387;388
196;2017-12-15 06:14:05.526861+00;2017-12-15 06:14:05.526861+00;389;390
197;2017-12-15 06:14:05.526861+00;2017-12-15 06:14:05.526861+00;391;392
198;2017-12-15 06:14:05.526861+00;2017-12-15 06:14:05.526861+00;393;394
199;2017-12-15 06:14:05.526861+00;2017-12-15 06:14:05.526861+00;395;396
200;2017-12-15 06:14:05.526861+00;2017-12-15 06:14:05.526861+00;397;398
201;2017-12-15 06:14:05.526861+00;2017-12-15 06:14:05.526861+00;399;400
202;2017-12-15 06:14:05.526861+00;2017-12-15 06:14:05.526861+00;401;402
203;2017-12-15 06:14:05.526861+00;2017-12-15 06:14:05.526861+00;403;404
204;2017-12-15 06:14:05.526861+00;2017-12-15 06:14:05.526861+00;405;406
205;2017-12-15 06:14:05.526861+00;2017-12-15 06:14:05.526861+00;407;408
206;2017-12-15 06:14:05.526861+00;2017-12-15 06:14:05.526861+00;409;410
207;2017-12-15 06:14:05.526861+00;2017-12-15 06:14:05.526861+00;411;412
208;2017-12-15 06:14:05.526861+00;2017-12-15 06:14:05.526861+00;413;414
209;2017-12-15 06:14:05.526861+00;2017-12-15 06:14:05.526861+00;415;416
210;2017-12-15 06:14:05.526861+00;2017-12-15 06:14:05.526861+00;417;418
211;2017-12-15 06:14:05.526861+00;2017-12-15 06:14:05.526861+00;419;422
212;2017-12-15 06:14:05.526861+00;2017-12-15 06:14:05.526861+00;420;421
213;2017-12-15 06:14:05.526861+00;2017-12-15 06:14:05.526861+00;423;424
214;2017-12-15 06:14:05.526861+00;2017-12-15 06:14:05.526861+00;425;426
215;2017-12-15 06:14:05.526861+00;2017-12-15 06:14:05.526861+00;427;430
216;2017-12-15 06:14:05.526861+00;2017-12-15 06:14:05.526861+00;428;429
217;2017-12-15 06:14:05.526861+00;2017-12-15 06:14:05.526861+00;431;432
218;2017-12-15 06:14:05.526861+00;2017-12-15 06:14:05.526861+00;433;434
219;2017-12-15 06:14:05.526861+00;2017-12-15 06:14:05.526861+00;435;436
220;2017-12-15 06:14:05.526861+00;2017-12-15 06:14:05.526861+00;437;440
221;2017-12-15 06:14:05.526861+00;2017-12-15 06:14:05.526861+00;438;439
222;2017-12-15 06:14:05.526861+00;2017-12-15 06:14:05.526861+00;441;442
223;2017-12-15 06:14:05.526861+00;2017-12-15 06:14:05.526861+00;443;444
224;2017-12-15 06:14:05.526861+00;2017-12-15 06:14:05.526861+00;445;448
225;2017-12-15 06:14:05.526861+00;2017-12-15 06:14:05.526861+00;446;447
226;2017-12-15 06:14:05.526861+00;2017-12-15 06:14:05.526861+00;449;450
227;2017-12-15 06:14:05.526861+00;2017-12-15 06:14:05.526861+00;451;452
228;2017-12-15 06:14:05.526861+00;2017-12-15 06:14:05.526861+00;453;454
229;2017-12-15 06:14:05.526861+00;2017-12-15 06:14:05.526861+00;455;456
230;2017-12-15 06:14:05.526861+00;2017-12-15 06:14:05.526861+00;457;458
231;2017-12-15 06:14:05.526861+00;2017-12-15 06:14:05.526861+00;459;460
232;2017-12-15 06:14:05.526861+00;2017-12-15 06:14:05.526861+00;461;462
233;2017-12-15 06:14:05.526861+00;2017-12-15 06:14:05.526861+00;463;464
234;2017-12-15 06:14:05.526861+00;2017-12-15 06:14:05.526861+00;465;467
235;2017-12-15 06:14:05.526861+00;2017-12-15 06:14:05.526861+00;466;468
236;2017-12-15 06:14:05.526861+00;2017-12-15 06:14:05.526861+00;469;472
237;2017-12-15 06:14:05.526861+00;2017-12-15 06:14:05.526861+00;470;471
238;2017-12-15 06:14:05.526861+00;2017-12-15 06:14:05.526861+00;473;474
239;2017-12-15 06:14:05.526861+00;2017-12-15 06:14:05.526861+00;475;476
240;2017-12-15 06:14:05.526861+00;2017-12-15 06:14:05.526861+00;477;478
241;2017-12-15 06:14:05.526861+00;2017-12-15 06:14:05.526861+00;479;480
242;2017-12-15 06:14:05.526861+00;2017-12-15 06:14:05.526861+00;481;482
243;2017-12-15 06:14:05.526861+00;2017-12-15 06:14:05.526861+00;483;484
244;2017-12-15 06:14:05.526861+00;2017-12-15 06:14:05.526861+00;485;486
245;2017-12-15 06:14:05.526861+00;2017-12-15 06:14:05.526861+00;489;490
246;2017-12-15 06:14:05.526861+00;2017-12-15 06:14:05.526861+00;491;492
247;2017-12-15 06:14:05.526861+00;2017-12-15 06:14:05.526861+00;493;494
248;2017-12-15 06:14:05.526861+00;2017-12-15 06:14:05.526861+00;495;496
249;2017-12-15 06:14:05.526861+00;2017-12-15 06:14:05.526861+00;497;498
250;2017-12-15 06:14:05.526861+00;2017-12-15 06:14:05.526861+00;499;501
251;2017-12-15 06:14:05.526861+00;2017-12-15 06:14:05.526861+00;500;502
252;2017-12-15 06:14:05.526861+00;2017-12-15 06:14:05.526861+00;503;505
253;2017-12-15 06:14:05.526861+00;2017-12-15 06:14:05.526861+00;504;506
254;2017-12-15 06:14:05.526861+00;2017-12-15 06:14:05.526861+00;507;508
255;2017-12-15 06:14:05.526861+00;2017-12-15 06:14:05.526861+00;509;510
256;2017-12-15 06:14:05.526861+00;2017-12-15 06:14:05.526861+00;511;514
257;2017-12-15 06:14:05.526861+00;2017-12-15 06:14:05.526861+00;512;513
258;2017-12-15 06:14:05.526861+00;2017-12-15 06:14:05.526861+00;515;519
259;2017-12-15 06:14:05.526861+00;2017-12-15 06:14:05.526861+00;516;520
260;2017-12-15 06:14:05.526861+00;2017-12-15 06:14:05.526861+00;517;518
261;2017-12-15 06:14:05.526861+00;2017-12-15 06:14:05.526861+00;521;522
262;2017-12-15 06:14:05.526861+00;2017-12-15 06:14:05.526861+00;523;524
263;2017-12-15 06:14:05.526861+00;2017-12-15 06:14:05.526861+00;525;526
264;2017-12-15 06:14:05.526861+00;2017-12-15 06:14:05.526861+00;527;528
265;2017-12-15 06:14:05.526861+00;2017-12-15 06:14:05.526861+00;529;530
266;2017-12-15 06:14:05.526861+00;2017-12-15 06:14:05.526861+00;531;532
267;2017-12-15 06:14:05.526861+00;2017-12-15 06:14:05.526861+00;533;534
268;2017-12-15 06:14:05.526861+00;2017-12-15 06:14:05.526861+00;535;536
269;2017-12-15 06:14:05.526861+00;2017-12-15 06:14:05.526861+00;537;538
270;2017-12-15 06:14:05.526861+00;2017-12-15 06:14:05.526861+00;539;540
271;2017-12-15 06:14:05.526861+00;2017-12-15 06:14:05.526861+00;541;542
272;2017-12-15 06:14:05.526861+00;2017-12-15 06:14:05.526861+00;543;544
273;2017-12-15 06:14:05.526861+00;2017-12-15 06:14:05.526861+00;545;546
274;2017-12-15 06:14:05.526861+00;2017-12-15 06:14:05.526861+00;547;551
275;2017-12-15 06:14:05.526861+00;2017-12-15 06:14:05.526861+00;548;552
276;2017-12-15 06:14:05.526861+00;2017-12-15 06:14:05.526861+00;549;550
277;2017-12-15 06:14:05.526861+00;2017-12-15 06:14:05.526861+00;553;554
278;2017-12-15 06:14:05.526861+00;2017-12-15 06:14:05.526861+00;555;556
279;2017-12-15 06:14:05.526861+00;2017-12-15 06:14:05.526861+00;557;558
280;2017-12-15 06:14:05.526861+00;2017-12-15 06:14:05.526861+00;559;560
281;2017-12-15 06:14:05.526861+00;2017-12-15 06:14:05.526861+00;561;562
282;2017-12-15 06:14:05.526861+00;2017-12-15 06:14:05.526861+00;563;564
283;2017-12-15 06:14:05.526861+00;2017-12-15 06:14:05.526861+00;565;566
284;2017-12-15 06:14:05.526861+00;2017-12-15 06:14:05.526861+00;567;572
285;2017-12-15 06:14:05.526861+00;2017-12-15 06:14:05.526861+00;568;571
286;2017-12-15 06:14:05.526861+00;2017-12-15 06:14:05.526861+00;569;570
287;2017-12-15 06:14:05.526861+00;2017-12-15 06:14:05.526861+00;573;577
288;2017-12-15 06:14:05.526861+00;2017-12-15 06:14:05.526861+00;574;578
289;2017-12-15 06:14:05.526861+00;2017-12-15 06:14:05.526861+00;575;576
290;2017-12-15 06:14:05.526861+00;2017-12-15 06:14:05.526861+00;579;580
291;2017-12-15 06:14:05.526861+00;2017-12-15 06:14:05.526861+00;581;582
292;2017-12-15 06:14:05.526861+00;2017-12-15 06:14:05.526861+00;583;584
293;2017-12-15 06:14:05.526861+00;2017-12-15 06:14:05.526861+00;585;586
294;2017-12-15 06:14:05.526861+00;2017-12-15 06:14:05.526861+00;587;588
295;2017-12-15 06:14:05.526861+00;2017-12-15 06:14:05.526861+00;589;590
296;2017-12-15 06:14:05.526861+00;2017-12-15 06:14:05.526861+00;591;592
297;2017-12-15 06:14:05.526861+00;2017-12-15 06:14:05.526861+00;593;594
298;2017-12-15 06:14:05.526861+00;2017-12-15 06:14:05.526861+00;595;596
299;2017-12-15 06:14:05.526861+00;2017-12-15 06:14:05.526861+00;597;598
300;2017-12-15 06:14:05.526861+00;2017-12-15 06:14:05.526861+00;599;600
301;2017-12-15 06:14:05.526861+00;2017-12-15 06:14:05.526861+00;601;602
302;2017-12-15 06:14:05.526861+00;2017-12-15 06:14:05.526861+00;603;604
303;2017-12-15 06:14:05.526861+00;2017-12-15 06:14:05.526861+00;605;606
304;2017-12-15 06:14:05.526861+00;2017-12-15 06:14:05.526861+00;607;608
305;2017-12-15 06:14:05.526861+00;2017-12-15 06:14:05.526861+00;609;610
306;2017-12-15 06:14:05.526861+00;2017-12-15 06:14:05.526861+00;611;614
307;2017-12-15 06:14:05.526861+00;2017-12-15 06:14:05.526861+00;612;613
308;2017-12-15 06:14:05.526861+00;2017-12-15 06:14:05.526861+00;615;618
309;2017-12-15 06:14:05.526861+00;2017-12-15 06:14:05.526861+00;616;617
310;2017-12-15 06:14:05.526861+00;2017-12-15 06:14:05.526861+00;619;620
311;2017-12-15 06:14:05.526861+00;2017-12-15 06:14:05.526861+00;621;622
312;2017-12-15 06:14:05.526861+00;2017-12-15 06:14:05.526861+00;623;624
313;2017-12-15 06:14:05.526861+00;2017-12-15 06:14:05.526861+00;625;626
314;2017-12-15 06:14:05.526861+00;2017-12-15 06:14:05.526861+00;627;628
315;2017-12-15 06:14:05.526861+00;2017-12-15 06:14:05.526861+00;629;630
316;2017-12-15 06:14:05.526861+00;2017-12-15 06:14:05.526861+00;631;632
317;2017-12-15 06:14:05.526861+00;2017-12-15 06:14:05.526861+00;633;634
318;2017-12-15 06:14:05.526861+00;2017-12-15 06:14:05.526861+00;635;636
319;2017-12-15 06:14:05.526861+00;2017-12-15 06:14:05.526861+00;637;638
320;2017-12-15 06:14:05.526861+00;2017-12-15 06:14:05.526861+00;639;640
321;2017-12-15 06:14:05.526861+00;2017-12-15 06:14:05.526861+00;641;642
322;2017-12-15 06:14:05.526861+00;2017-12-15 06:14:05.526861+00;643;644
323;2017-12-15 06:14:05.526861+00;2017-12-15 06:14:05.526861+00;645;646
324;2017-12-15 06:14:05.526861+00;2017-12-15 06:14:05.526861+00;647;648
325;2017-12-15 06:14:05.526861+00;2017-12-15 06:14:05.526861+00;649;650
326;2017-12-15 06:14:05.526861+00;2017-12-15 06:14:05.526861+00;651;652
327;2017-12-15 06:14:05.526861+00;2017-12-15 06:14:05.526861+00;653;654
328;2017-12-15 06:14:05.526861+00;2017-12-15 06:14:05.526861+00;655;656
329;2017-12-15 06:14:05.526861+00;2017-12-15 06:14:05.526861+00;657;658
330;2017-12-15 06:14:05.526861+00;2017-12-15 06:14:05.526861+00;659;660
331;2017-12-15 06:14:05.526861+00;2017-12-15 06:14:05.526861+00;661;662
332;2017-12-15 06:14:05.526861+00;2017-12-15 06:14:05.526861+00;663;664
333;2017-12-15 06:14:05.526861+00;2017-12-15 06:14:05.526861+00;665;666
334;2017-12-15 06:14:05.526861+00;2017-12-15 06:14:05.526861+00;667;668
335;2017-12-15 06:14:05.526861+00;2017-12-15 06:14:05.526861+00;669;670
336;2017-12-15 06:14:05.526861+00;2017-12-15 06:14:05.526861+00;671;672
337;2017-12-15 06:14:05.526861+00;2017-12-15 06:14:05.526861+00;673;674
338;2017-12-15 06:14:05.526861+00;2017-12-15 06:14:05.526861+00;675;676
339;2017-12-15 06:14:05.526861+00;2017-12-15 06:14:05.526861+00;677;678
340;2017-12-15 06:14:05.526861+00;2017-12-15 06:14:05.526861+00;679;680
341;2017-12-15 06:14:05.526861+00;2017-12-15 06:14:05.526861+00;681;682
342;2017-12-15 06:14:05.526861+00;2017-12-15 06:14:05.526861+00;683;684
343;2017-12-15 06:14:05.526861+00;2017-12-15 06:14:05.526861+00;685;686
344;2017-12-15 06:14:05.526861+00;2017-12-15 06:14:05.526861+00;687;688
345;2017-12-15 06:14:05.526861+00;2017-12-15 06:14:05.526861+00;689;690
346;2017-12-15 06:14:05.526861+00;2017-12-15 06:14:05.526861+00;691;692
347;2017-12-15 06:14:05.526861+00;2017-12-15 06:14:05.526861+00;693;694
348;2017-12-15 06:14:05.526861+00;2017-12-15 06:14:05.526861+00;695;696
349;2017-12-15 06:14:05.526861+00;2017-12-15 06:14:05.526861+00;697;698
350;2017-12-15 06:14:05.526861+00;2017-12-15 06:14:05.526861+00;699;700
351;2017-12-15 06:14:05.526861+00;2017-12-15 06:14:05.526861+00;701;702
352;2017-12-15 06:14:05.526861+00;2017-12-15 06:14:05.526861+00;703;704
353;2017-12-15 06:14:05.526861+00;2017-12-15 06:14:05.526861+00;705;706
354;2017-12-15 06:14:05.526861+00;2017-12-15 06:14:05.526861+00;707;708
355;2017-12-15 06:14:05.526861+00;2017-12-15 06:14:05.526861+00;709;710
356;2017-12-15 06:14:05.526861+00;2017-12-15 06:14:05.526861+00;711;712
357;2017-12-15 06:14:05.526861+00;2017-12-15 06:14:05.526861+00;713;714
358;2017-12-15 06:14:05.526861+00;2017-12-15 06:14:05.526861+00;715;716
359;2017-12-15 06:14:05.526861+00;2017-12-15 06:14:05.526861+00;717;718
360;2017-12-15 06:14:05.526861+00;2017-12-15 06:14:05.526861+00;719;720
361;2017-12-15 06:14:05.526861+00;2017-12-15 06:14:05.526861+00;721;722
362;2017-12-15 06:14:05.526861+00;2017-12-15 06:14:05.526861+00;723;724
363;2017-12-15 06:14:05.526861+00;2017-12-15 06:14:05.526861+00;725;729
364;2017-12-15 06:14:05.526861+00;2017-12-15 06:14:05.526861+00;726;728
365;2017-12-15 06:14:05.526861+00;2017-12-15 06:14:05.526861+00;727;730
366;2017-12-15 06:14:05.526861+00;2017-12-15 06:14:05.526861+00;731;736
367;2017-12-15 06:14:05.526861+00;2017-12-15 06:14:05.526861+00;732;735
368;2017-12-15 06:14:05.526861+00;2017-12-15 06:14:05.526861+00;733;734
369;2017-12-15 06:14:05.526861+00;2017-12-15 06:14:05.526861+00;737;741
370;2017-12-15 06:14:05.526861+00;2017-12-15 06:14:05.526861+00;738;742
371;2017-12-15 06:14:05.526861+00;2017-12-15 06:14:05.526861+00;739;740
372;2017-12-15 06:14:05.526861+00;2017-12-15 06:14:05.526861+00;743;748
373;2017-12-15 06:14:05.526861+00;2017-12-15 06:14:05.526861+00;744;747
374;2017-12-15 06:14:05.526861+00;2017-12-15 06:14:05.526861+00;745;746
375;2017-12-15 06:14:05.526861+00;2017-12-15 06:14:05.526861+00;749;753
376;2017-12-15 06:14:05.526861+00;2017-12-15 06:14:05.526861+00;750;754
377;2017-12-15 06:14:05.526861+00;2017-12-15 06:14:05.526861+00;751;752
378;2017-12-15 06:14:05.526861+00;2017-12-15 06:14:05.526861+00;755;760
379;2017-12-15 06:14:05.526861+00;2017-12-15 06:14:05.526861+00;756;759
380;2017-12-15 06:14:05.526861+00;2017-12-15 06:14:05.526861+00;757;758
381;2017-12-15 06:14:05.526861+00;2017-12-15 06:14:05.526861+00;761;765
382;2017-12-15 06:14:05.526861+00;2017-12-15 06:14:05.526861+00;762;766
383;2017-12-15 06:14:05.526861+00;2017-12-15 06:14:05.526861+00;763;764
384;2017-12-15 06:14:05.526861+00;2017-12-15 06:14:05.526861+00;767;772
385;2017-12-15 06:14:05.526861+00;2017-12-15 06:14:05.526861+00;768;771
386;2017-12-15 06:14:05.526861+00;2017-12-15 06:14:05.526861+00;769;770
387;2017-12-15 06:14:05.526861+00;2017-12-15 06:14:05.526861+00;773;777
388;2017-12-15 06:14:05.526861+00;2017-12-15 06:14:05.526861+00;774;776
389;2017-12-15 06:14:05.526861+00;2017-12-15 06:14:05.526861+00;775;778
390;2017-12-15 06:14:05.526861+00;2017-12-15 06:14:05.526861+00;779;784
391;2017-12-15 06:14:05.526861+00;2017-12-15 06:14:05.526861+00;780;783
392;2017-12-15 06:14:05.526861+00;2017-12-15 06:14:05.526861+00;781;782
393;2017-12-15 06:14:05.526861+00;2017-12-15 06:14:05.526861+00;785;790
394;2017-12-15 06:14:05.526861+00;2017-12-15 06:14:05.526861+00;786;789
395;2017-12-15 06:14:05.526861+00;2017-12-15 06:14:05.526861+00;787;788
396;2017-12-15 06:14:05.526861+00;2017-12-15 06:14:05.526861+00;791;795
397;2017-12-15 06:14:05.526861+00;2017-12-15 06:14:05.526861+00;792;794
398;2017-12-15 06:14:05.526861+00;2017-12-15 06:14:05.526861+00;793;796
399;2017-12-15 06:14:05.526861+00;2017-12-15 06:14:05.526861+00;797;801
400;2017-12-15 06:14:05.526861+00;2017-12-15 06:14:05.526861+00;798;802
401;2017-12-15 06:14:05.526861+00;2017-12-15 06:14:05.526861+00;799;800
402;2017-12-15 06:14:05.526861+00;2017-12-15 06:14:05.526861+00;803;808
403;2017-12-15 06:14:05.526861+00;2017-12-15 06:14:05.526861+00;804;807
404;2017-12-15 06:14:05.526861+00;2017-12-15 06:14:05.526861+00;805;806
405;2017-12-15 06:14:05.526861+00;2017-12-15 06:14:05.526861+00;809;813
406;2017-12-15 06:14:05.526861+00;2017-12-15 06:14:05.526861+00;810;812
407;2017-12-15 06:14:05.526861+00;2017-12-15 06:14:05.526861+00;811;814
408;2017-12-15 06:14:05.526861+00;2017-12-15 06:14:05.526861+00;815;820
409;2017-12-15 06:14:05.526861+00;2017-12-15 06:14:05.526861+00;816;819
410;2017-12-15 06:14:05.526861+00;2017-12-15 06:14:05.526861+00;817;818
411;2017-12-15 06:14:05.526861+00;2017-12-15 06:14:05.526861+00;821;825
412;2017-12-15 06:14:05.526861+00;2017-12-15 06:14:05.526861+00;822;824
413;2017-12-15 06:14:05.526861+00;2017-12-15 06:14:05.526861+00;823;826
414;2017-12-15 06:14:05.526861+00;2017-12-15 06:14:05.526861+00;827;832
415;2017-12-15 06:14:05.526861+00;2017-12-15 06:14:05.526861+00;828;831
416;2017-12-15 06:14:05.526861+00;2017-12-15 06:14:05.526861+00;829;830
417;2017-12-15 06:14:05.526861+00;2017-12-15 06:14:05.526861+00;833;834
418;2017-12-15 06:14:05.526861+00;2017-12-15 06:14:05.526861+00;835;836
419;2017-12-15 06:14:05.526861+00;2017-12-15 06:14:05.526861+00;837;838
420;2017-12-15 06:14:05.526861+00;2017-12-15 06:14:05.526861+00;839;840
421;2017-12-15 06:14:05.526861+00;2017-12-15 06:14:05.526861+00;841;842
422;2017-12-15 06:14:05.526861+00;2017-12-15 06:14:05.526861+00;843;844
423;2017-12-15 06:14:05.526861+00;2017-12-15 06:14:05.526861+00;845;846
424;2017-12-15 06:14:05.526861+00;2017-12-15 06:14:05.526861+00;847;848
425;2017-12-15 06:14:05.526861+00;2017-12-15 06:14:05.526861+00;849;850
426;2017-12-15 06:14:05.526861+00;2017-12-15 06:14:05.526861+00;851;852
427;2017-12-15 06:14:05.526861+00;2017-12-15 06:14:05.526861+00;853;854
428;2017-12-15 06:14:05.526861+00;2017-12-15 06:14:05.526861+00;855;856
429;2017-12-15 06:14:05.526861+00;2017-12-15 06:14:05.526861+00;857;858
430;2017-12-15 06:14:05.526861+00;2017-12-15 06:14:05.526861+00;859;860
431;2017-12-15 06:14:05.526861+00;2017-12-15 06:14:05.526861+00;861;862
432;2017-12-15 06:14:05.526861+00;2017-12-15 06:14:05.526861+00;863;864
433;2017-12-15 06:14:05.526861+00;2017-12-15 06:14:05.526861+00;865;866
434;2017-12-15 06:14:05.526861+00;2017-12-15 06:14:05.526861+00;867;868
435;2017-12-15 06:14:05.526861+00;2017-12-15 06:14:05.526861+00;869;870
436;2017-12-15 06:14:05.526861+00;2017-12-15 06:14:05.526861+00;871;872
437;2017-12-15 06:14:05.526861+00;2017-12-15 06:14:05.526861+00;873;874
438;2017-12-15 06:14:05.526861+00;2017-12-15 06:14:05.526861+00;875;876
439;2017-12-15 06:14:05.526861+00;2017-12-15 06:14:05.526861+00;877;878
440;2017-12-15 06:14:05.526861+00;2017-12-15 06:14:05.526861+00;879;880
441;2017-12-15 06:14:05.526861+00;2017-12-15 06:14:05.526861+00;881;882
442;2017-12-15 06:14:05.526861+00;2017-12-15 06:14:05.526861+00;883;884
443;2017-12-15 06:14:05.526861+00;2017-12-15 06:14:05.526861+00;885;886
444;2017-12-15 06:14:05.526861+00;2017-12-15 06:14:05.526861+00;887;888
445;2017-12-15 06:14:05.526861+00;2017-12-15 06:14:05.526861+00;889;890
446;2017-12-15 06:14:05.526861+00;2017-12-15 06:14:05.526861+00;891;892
447;2017-12-15 06:14:05.526861+00;2017-12-15 06:14:05.526861+00;893;894
448;2017-12-15 06:14:05.526861+00;2017-12-15 06:14:05.526861+00;895;896
449;2017-12-15 06:14:05.526861+00;2017-12-15 06:14:05.526861+00;897;898
450;2017-12-15 06:14:05.526861+00;2017-12-15 06:14:05.526861+00;899;900
