id;description;maximum;minimum;createdAt;updatedAt;dietGroupId;ingredientId
1;;2;2;2017-12-05 18:26:21.779+00;2017-12-05 18:26:21.779+00;46;153
2;;3;3;2017-12-05 18:26:24.424+00;2017-12-05 18:26:24.424+00;38;153
3;;3;3;2017-12-05 18:26:27.061+00;2017-12-05 18:26:27.061+00;14;153
4;;3;3;2017-12-05 18:26:29.73+00;2017-12-05 18:26:29.73+00;10;153
5;;3;3;2017-12-05 18:26:32.393+00;2017-12-05 18:26:32.393+00;18;153
6;;3;3;2017-12-05 18:26:35.009+00;2017-12-05 18:26:35.009+00;30;153
7;;3;3;2017-12-05 18:26:37.616+00;2017-12-05 18:26:37.616+00;42;153
8;;3;3;2017-12-05 18:26:40.223+00;2017-12-05 18:26:40.223+00;34;153
9;;2;2;2017-12-05 18:26:43.534+00;2017-12-05 18:26:43.534+00;22;153
10;;2;2;2017-12-05 18:26:46.15+00;2017-12-05 18:26:46.15+00;46;154
11;;3;3;2017-12-05 18:26:48.77+00;2017-12-05 18:26:48.77+00;38;154
12;;3;3;2017-12-05 18:26:51.375+00;2017-12-05 18:26:51.375+00;14;154
13;;3;3;2017-12-05 18:26:53.989+00;2017-12-05 18:26:53.989+00;10;154
14;;3;3;2017-12-05 18:26:56.604+00;2017-12-05 18:26:56.604+00;18;154
15;;3;3;2017-12-05 18:26:59.208+00;2017-12-05 18:26:59.208+00;30;154
16;;3;3;2017-12-05 18:27:01.816+00;2017-12-05 18:27:01.816+00;42;154
17;;3;3;2017-12-05 18:27:04.428+00;2017-12-05 18:27:04.428+00;34;154
18;;2;2;2017-12-05 18:27:07.737+00;2017-12-05 18:27:07.737+00;22;154
237;;4;4;2017-12-05 18:31:42.529+00;2017-12-05 18:31:42.529+00;90;153
238;;4;4;2017-12-05 18:31:44.441+00;2017-12-05 18:31:44.441+00;69;153
239;;4;4;2017-12-05 18:31:45.657+00;2017-12-05 18:31:45.657+00;79;153
240;;4;4;2017-12-05 18:31:46.531+00;2017-12-05 18:31:46.531+00;116;153
241;;4;4;2017-12-05 18:31:47.751+00;2017-12-05 18:31:47.751+00;50;153
242;;4;4;2017-12-05 18:31:49.135+00;2017-12-05 18:31:49.135+00;5;153
243;;4;4;2017-12-05 18:31:50.006+00;2017-12-05 18:31:50.006+00;150;153
244;;4;4;2017-12-05 18:31:50.88+00;2017-12-05 18:31:50.88+00;144;153
245;;4;4;2017-12-05 18:31:52.271+00;2017-12-05 18:31:52.271+00;83;153
246;;4;4;2017-12-05 18:31:53.486+00;2017-12-05 18:31:53.486+00;103;153
247;;4;4;2017-12-05 18:31:54.357+00;2017-12-05 18:31:54.357+00;119;153
248;;4;4;2017-12-05 18:31:55.234+00;2017-12-05 18:31:55.234+00;1;153
249;;4;4;2017-12-05 18:31:55.936+00;2017-12-05 18:31:55.936+00;26;153
360;;4;4;2017-12-05 18:34:11.644+00;2017-12-05 18:34:11.644+00;90;154
361;;4;4;2017-12-05 18:34:13.566+00;2017-12-05 18:34:13.566+00;69;154
362;;4;4;2017-12-05 18:34:14.791+00;2017-12-05 18:34:14.791+00;79;154
363;;4;4;2017-12-05 18:34:15.665+00;2017-12-05 18:34:15.665+00;116;154
364;;4;4;2017-12-05 18:34:16.88+00;2017-12-05 18:34:16.88+00;50;154
365;;4;4;2017-12-05 18:34:18.271+00;2017-12-05 18:34:18.271+00;5;154
366;;4;4;2017-12-05 18:34:19.146+00;2017-12-05 18:34:19.146+00;150;154
367;;4;4;2017-12-05 18:34:20.021+00;2017-12-05 18:34:20.021+00;144;154
368;;4;4;2017-12-05 18:34:21.422+00;2017-12-05 18:34:21.422+00;83;154
369;;4;4;2017-12-05 18:34:22.64+00;2017-12-05 18:34:22.64+00;103;154
370;;4;4;2017-12-05 18:34:23.513+00;2017-12-05 18:34:23.513+00;119;154
371;;4;4;2017-12-05 18:34:24.384+00;2017-12-05 18:34:24.384+00;1;154
372;;4;4;2017-12-05 18:34:25.083+00;2017-12-05 18:34:25.083+00;26;154
19;;4;;2017-12-05 18:27:10.185+00;2017-12-05 18:27:10.185+00;107;226
20;;0;;2017-12-05 18:27:12.629+00;2017-12-05 18:27:12.629+00;157;226
21;;4;;2017-12-05 18:27:15.073+00;2017-12-05 18:27:15.073+00;104;226
22;;4;;2017-12-05 18:27:17.516+00;2017-12-05 18:27:17.516+00;110;226
23;;4;;2017-12-05 18:27:19.952+00;2017-12-05 18:27:19.952+00;107;30
24;;0;;2017-12-05 18:27:22.395+00;2017-12-05 18:27:22.395+00;157;30
25;;4;;2017-12-05 18:27:24.831+00;2017-12-05 18:27:24.831+00;104;30
26;;4;;2017-12-05 18:27:27.27+00;2017-12-05 18:27:27.27+00;110;30
27;;80;;2017-12-05 18:27:28.496+00;2017-12-05 18:27:28.496+00;90;31
28;;80;;2017-12-05 18:27:30.415+00;2017-12-05 18:27:30.415+00;69;31
29;;80;;2017-12-05 18:27:32.514+00;2017-12-05 18:27:32.514+00;9;31
30;;80;;2017-12-05 18:27:33.74+00;2017-12-05 18:27:33.74+00;79;31
31;;80;;2017-12-05 18:27:34.615+00;2017-12-05 18:27:34.615+00;116;31
32;;80;;2017-12-05 18:27:35.842+00;2017-12-05 18:27:35.842+00;50;31
33;;80;;2017-12-05 18:27:37.252+00;2017-12-05 18:27:37.252+00;5;31
34;;80;;2017-12-05 18:27:38.153+00;2017-12-05 18:27:38.153+00;150;31
35;;80;;2017-12-05 18:27:39.062+00;2017-12-05 18:27:39.062+00;144;31
36;;80;;2017-12-05 18:27:40.516+00;2017-12-05 18:27:40.516+00;83;31
37;;80;;2017-12-05 18:27:41.78+00;2017-12-05 18:27:41.78+00;103;31
38;;80;;2017-12-05 18:27:42.674+00;2017-12-05 18:27:42.674+00;119;31
39;;80;;2017-12-05 18:27:43.582+00;2017-12-05 18:27:43.582+00;1;31
40;;80;;2017-12-05 18:27:44.314+00;2017-12-05 18:27:44.314+00;26;31
41;;100;;2017-12-05 18:27:45.569+00;2017-12-05 18:27:45.569+00;90;199
42;;100;;2017-12-05 18:27:47.503+00;2017-12-05 18:27:47.503+00;69;199
43;;100;;2017-12-05 18:27:49.595+00;2017-12-05 18:27:49.595+00;9;199
44;;100;;2017-12-05 18:27:50.835+00;2017-12-05 18:27:50.835+00;79;199
45;;100;;2017-12-05 18:27:51.753+00;2017-12-05 18:27:51.753+00;116;199
46;;100;;2017-12-05 18:27:53.001+00;2017-12-05 18:27:53.001+00;50;199
47;;100;;2017-12-05 18:27:54.397+00;2017-12-05 18:27:54.397+00;5;199
48;;100;;2017-12-05 18:27:55.273+00;2017-12-05 18:27:55.273+00;150;199
49;;100;;2017-12-05 18:27:56.149+00;2017-12-05 18:27:56.149+00;144;199
50;;100;;2017-12-05 18:27:57.552+00;2017-12-05 18:27:57.552+00;83;199
51;;100;;2017-12-05 18:27:58.777+00;2017-12-05 18:27:58.777+00;103;199
52;;100;;2017-12-05 18:27:59.682+00;2017-12-05 18:27:59.682+00;119;199
53;;100;;2017-12-05 18:28:00.561+00;2017-12-05 18:28:00.561+00;1;199
54;;100;;2017-12-05 18:28:01.265+00;2017-12-05 18:28:01.265+00;26;199
55;;100;;2017-12-05 18:28:02.499+00;2017-12-05 18:28:02.499+00;90;167
56;;100;;2017-12-05 18:28:04.427+00;2017-12-05 18:28:04.427+00;69;167
57;;100;;2017-12-05 18:28:06.515+00;2017-12-05 18:28:06.515+00;9;167
58;;100;;2017-12-05 18:28:07.756+00;2017-12-05 18:28:07.756+00;79;167
59;;100;;2017-12-05 18:28:08.662+00;2017-12-05 18:28:08.662+00;116;167
60;;100;;2017-12-05 18:28:09.893+00;2017-12-05 18:28:09.893+00;50;167
61;;100;;2017-12-05 18:28:11.286+00;2017-12-05 18:28:11.286+00;5;167
62;;100;;2017-12-05 18:28:12.158+00;2017-12-05 18:28:12.158+00;150;167
63;;100;;2017-12-05 18:28:13.032+00;2017-12-05 18:28:13.032+00;144;167
64;;100;;2017-12-05 18:28:14.431+00;2017-12-05 18:28:14.431+00;83;167
65;;100;;2017-12-05 18:28:15.659+00;2017-12-05 18:28:15.659+00;103;167
66;;100;;2017-12-05 18:28:16.533+00;2017-12-05 18:28:16.533+00;119;167
67;;100;;2017-12-05 18:28:17.408+00;2017-12-05 18:28:17.408+00;1;167
68;;100;;2017-12-05 18:28:18.11+00;2017-12-05 18:28:18.11+00;26;167
69;;100;;2017-12-05 18:28:19.333+00;2017-12-05 18:28:19.333+00;90;66
70;;100;;2017-12-05 18:28:21.251+00;2017-12-05 18:28:21.251+00;69;66
71;;100;;2017-12-05 18:28:23.346+00;2017-12-05 18:28:23.346+00;9;66
72;;100;;2017-12-05 18:28:24.589+00;2017-12-05 18:28:24.589+00;79;66
73;;100;;2017-12-05 18:28:25.476+00;2017-12-05 18:28:25.476+00;116;66
74;;100;;2017-12-05 18:28:26.701+00;2017-12-05 18:28:26.701+00;50;66
75;;100;;2017-12-05 18:28:28.099+00;2017-12-05 18:28:28.099+00;5;66
76;;100;;2017-12-05 18:28:28.977+00;2017-12-05 18:28:28.977+00;150;66
77;;100;;2017-12-05 18:28:29.857+00;2017-12-05 18:28:29.857+00;144;66
78;;100;;2017-12-05 18:28:31.26+00;2017-12-05 18:28:31.26+00;83;66
79;;100;;2017-12-05 18:28:32.486+00;2017-12-05 18:28:32.486+00;103;66
80;;100;;2017-12-05 18:28:33.357+00;2017-12-05 18:28:33.357+00;119;66
81;;100;;2017-12-05 18:28:34.234+00;2017-12-05 18:28:34.234+00;1;66
82;;100;;2017-12-05 18:28:34.937+00;2017-12-05 18:28:34.937+00;26;66
83;;100;;2017-12-05 18:28:36.171+00;2017-12-05 18:28:36.171+00;90;190
84;;100;;2017-12-05 18:28:38.145+00;2017-12-05 18:28:38.145+00;69;190
85;;100;;2017-12-05 18:28:40.261+00;2017-12-05 18:28:40.261+00;9;190
86;;100;;2017-12-05 18:28:41.495+00;2017-12-05 18:28:41.495+00;79;190
87;;100;;2017-12-05 18:28:42.369+00;2017-12-05 18:28:42.369+00;116;190
88;;100;;2017-12-05 18:28:43.591+00;2017-12-05 18:28:43.591+00;50;190
89;;100;;2017-12-05 18:28:44.98+00;2017-12-05 18:28:44.98+00;5;190
90;;100;;2017-12-05 18:28:45.853+00;2017-12-05 18:28:45.853+00;150;190
91;;100;;2017-12-05 18:28:46.726+00;2017-12-05 18:28:46.726+00;144;190
92;;100;;2017-12-05 18:28:48.122+00;2017-12-05 18:28:48.122+00;83;190
93;;100;;2017-12-05 18:28:49.355+00;2017-12-05 18:28:49.355+00;103;190
94;;100;;2017-12-05 18:28:50.253+00;2017-12-05 18:28:50.253+00;119;190
95;;100;;2017-12-05 18:28:51.173+00;2017-12-05 18:28:51.173+00;1;190
96;;100;;2017-12-05 18:28:51.905+00;2017-12-05 18:28:51.905+00;26;190
97;;120;;2017-12-05 18:28:53.16+00;2017-12-05 18:28:53.16+00;90;84
98;;120;;2017-12-05 18:28:55.134+00;2017-12-05 18:28:55.134+00;69;84
99;;120;;2017-12-05 18:28:57.273+00;2017-12-05 18:28:57.273+00;9;84
100;;120;;2017-12-05 18:28:58.505+00;2017-12-05 18:28:58.505+00;79;84
101;;120;;2017-12-05 18:28:59.389+00;2017-12-05 18:28:59.389+00;116;84
102;;120;;2017-12-05 18:29:00.644+00;2017-12-05 18:29:00.644+00;50;84
103;;120;;2017-12-05 18:29:02.049+00;2017-12-05 18:29:02.049+00;5;84
104;;120;;2017-12-05 18:29:02.926+00;2017-12-05 18:29:02.926+00;150;84
105;;120;;2017-12-05 18:29:03.803+00;2017-12-05 18:29:03.803+00;144;84
106;;120;;2017-12-05 18:29:05.191+00;2017-12-05 18:29:05.191+00;83;84
107;;120;;2017-12-05 18:29:06.409+00;2017-12-05 18:29:06.409+00;103;84
108;;120;;2017-12-05 18:29:07.29+00;2017-12-05 18:29:07.29+00;119;84
109;;120;;2017-12-05 18:29:08.167+00;2017-12-05 18:29:08.167+00;1;84
110;;120;;2017-12-05 18:29:08.87+00;2017-12-05 18:29:08.87+00;26;84
111;;100;;2017-12-05 18:29:10.102+00;2017-12-05 18:29:10.102+00;90;135
112;;100;;2017-12-05 18:29:12.028+00;2017-12-05 18:29:12.028+00;69;135
113;;100;;2017-12-05 18:29:14.13+00;2017-12-05 18:29:14.13+00;9;135
114;;100;;2017-12-05 18:29:15.354+00;2017-12-05 18:29:15.354+00;79;135
115;;100;;2017-12-05 18:29:16.231+00;2017-12-05 18:29:16.231+00;116;135
116;;100;;2017-12-05 18:29:17.455+00;2017-12-05 18:29:17.455+00;50;135
117;;100;;2017-12-05 18:29:18.854+00;2017-12-05 18:29:18.854+00;5;135
118;;100;;2017-12-05 18:29:19.746+00;2017-12-05 18:29:19.746+00;150;135
119;;100;;2017-12-05 18:29:20.669+00;2017-12-05 18:29:20.669+00;144;135
120;;100;;2017-12-05 18:29:22.096+00;2017-12-05 18:29:22.096+00;83;135
121;;100;;2017-12-05 18:29:23.323+00;2017-12-05 18:29:23.323+00;103;135
122;;100;;2017-12-05 18:29:24.196+00;2017-12-05 18:29:24.196+00;119;135
123;;100;;2017-12-05 18:29:25.071+00;2017-12-05 18:29:25.071+00;1;135
124;;100;;2017-12-05 18:29:25.776+00;2017-12-05 18:29:25.776+00;26;135
125;;100;;2017-12-05 18:29:26.995+00;2017-12-05 18:29:26.995+00;90;177
126;;100;;2017-12-05 18:29:28.905+00;2017-12-05 18:29:28.905+00;69;177
127;;100;;2017-12-05 18:29:31.004+00;2017-12-05 18:29:31.004+00;9;177
128;;100;;2017-12-05 18:29:32.234+00;2017-12-05 18:29:32.234+00;79;177
129;;100;;2017-12-05 18:29:33.11+00;2017-12-05 18:29:33.11+00;116;177
130;;100;;2017-12-05 18:29:34.345+00;2017-12-05 18:29:34.345+00;50;177
131;;100;;2017-12-05 18:29:35.738+00;2017-12-05 18:29:35.738+00;5;177
132;;100;;2017-12-05 18:29:36.613+00;2017-12-05 18:29:36.613+00;150;177
133;;100;;2017-12-05 18:29:37.483+00;2017-12-05 18:29:37.483+00;144;177
134;;100;;2017-12-05 18:29:38.904+00;2017-12-05 18:29:38.904+00;83;177
135;;100;;2017-12-05 18:29:40.128+00;2017-12-05 18:29:40.128+00;103;177
136;;100;;2017-12-05 18:29:41+00;2017-12-05 18:29:41+00;119;177
137;;100;;2017-12-05 18:29:41.876+00;2017-12-05 18:29:41.876+00;1;177
138;;100;;2017-12-05 18:29:42.575+00;2017-12-05 18:29:42.575+00;26;177
139;;100;;2017-12-05 18:29:43.8+00;2017-12-05 18:29:43.8+00;90;191
140;;100;;2017-12-05 18:29:45.715+00;2017-12-05 18:29:45.715+00;69;191
141;;100;;2017-12-05 18:29:47.799+00;2017-12-05 18:29:47.799+00;9;191
142;;100;;2017-12-05 18:29:49.017+00;2017-12-05 18:29:49.017+00;79;191
143;;100;;2017-12-05 18:29:49.889+00;2017-12-05 18:29:49.889+00;116;191
144;;100;;2017-12-05 18:29:51.111+00;2017-12-05 18:29:51.111+00;50;191
145;;100;;2017-12-05 18:29:52.504+00;2017-12-05 18:29:52.504+00;5;191
146;;100;;2017-12-05 18:29:53.375+00;2017-12-05 18:29:53.375+00;150;191
147;;100;;2017-12-05 18:29:54.254+00;2017-12-05 18:29:54.254+00;144;191
148;;100;;2017-12-05 18:29:55.649+00;2017-12-05 18:29:55.649+00;83;191
149;;100;;2017-12-05 18:29:56.892+00;2017-12-05 18:29:56.892+00;103;191
150;;100;;2017-12-05 18:29:57.763+00;2017-12-05 18:29:57.763+00;119;191
151;;100;;2017-12-05 18:29:58.639+00;2017-12-05 18:29:58.639+00;1;191
152;;100;;2017-12-05 18:29:59.34+00;2017-12-05 18:29:59.34+00;26;191
153;;100;;2017-12-05 18:30:00.571+00;2017-12-05 18:30:00.571+00;90;203
154;;100;;2017-12-05 18:30:02.489+00;2017-12-05 18:30:02.489+00;69;203
155;;100;;2017-12-05 18:30:04.571+00;2017-12-05 18:30:04.571+00;9;203
156;;100;;2017-12-05 18:30:05.796+00;2017-12-05 18:30:05.796+00;79;203
157;;100;;2017-12-05 18:30:06.681+00;2017-12-05 18:30:06.681+00;116;203
158;;100;;2017-12-05 18:30:07.913+00;2017-12-05 18:30:07.913+00;50;203
159;;100;;2017-12-05 18:30:09.307+00;2017-12-05 18:30:09.307+00;5;203
160;;100;;2017-12-05 18:30:10.179+00;2017-12-05 18:30:10.179+00;150;203
161;;100;;2017-12-05 18:30:11.07+00;2017-12-05 18:30:11.07+00;144;203
162;;100;;2017-12-05 18:30:12.473+00;2017-12-05 18:30:12.473+00;83;203
163;;100;;2017-12-05 18:30:13.693+00;2017-12-05 18:30:13.693+00;103;203
164;;100;;2017-12-05 18:30:14.573+00;2017-12-05 18:30:14.573+00;119;203
165;;100;;2017-12-05 18:30:15.452+00;2017-12-05 18:30:15.452+00;1;203
166;;100;;2017-12-05 18:30:16.155+00;2017-12-05 18:30:16.155+00;26;203
167;;100;;2017-12-05 18:30:17.391+00;2017-12-05 18:30:17.391+00;90;173
168;;100;;2017-12-05 18:30:19.347+00;2017-12-05 18:30:19.347+00;69;173
169;;100;;2017-12-05 18:30:21.472+00;2017-12-05 18:30:21.472+00;9;173
170;;100;;2017-12-05 18:30:22.766+00;2017-12-05 18:30:22.766+00;79;173
171;;100;;2017-12-05 18:30:23.711+00;2017-12-05 18:30:23.711+00;116;173
172;;100;;2017-12-05 18:30:25.005+00;2017-12-05 18:30:25.005+00;50;173
173;;100;;2017-12-05 18:30:26.488+00;2017-12-05 18:30:26.488+00;5;173
174;;100;;2017-12-05 18:30:27.405+00;2017-12-05 18:30:27.405+00;150;173
175;;100;;2017-12-05 18:30:28.33+00;2017-12-05 18:30:28.33+00;144;173
176;;100;;2017-12-05 18:30:29.78+00;2017-12-05 18:30:29.78+00;83;173
177;;100;;2017-12-05 18:30:31.008+00;2017-12-05 18:30:31.008+00;103;173
178;;100;;2017-12-05 18:30:31.887+00;2017-12-05 18:30:31.887+00;119;173
179;;100;;2017-12-05 18:30:32.767+00;2017-12-05 18:30:32.767+00;1;173
180;;100;;2017-12-05 18:30:33.469+00;2017-12-05 18:30:33.469+00;26;173
181;;100;;2017-12-05 18:30:34.718+00;2017-12-05 18:30:34.718+00;90;168
182;;100;;2017-12-05 18:30:36.719+00;2017-12-05 18:30:36.719+00;69;168
183;;100;;2017-12-05 18:30:38.809+00;2017-12-05 18:30:38.809+00;9;168
184;;100;;2017-12-05 18:30:40.032+00;2017-12-05 18:30:40.032+00;79;168
185;;100;;2017-12-05 18:30:40.916+00;2017-12-05 18:30:40.916+00;116;168
186;;100;;2017-12-05 18:30:42.155+00;2017-12-05 18:30:42.155+00;50;168
187;;100;;2017-12-05 18:30:43.576+00;2017-12-05 18:30:43.576+00;5;168
188;;100;;2017-12-05 18:30:44.471+00;2017-12-05 18:30:44.471+00;150;168
189;;100;;2017-12-05 18:30:45.364+00;2017-12-05 18:30:45.364+00;144;168
190;;100;;2017-12-05 18:30:46.769+00;2017-12-05 18:30:46.769+00;83;168
191;;100;;2017-12-05 18:30:48.702+00;2017-12-05 18:30:48.702+00;103;168
192;;100;;2017-12-05 18:30:49.577+00;2017-12-05 18:30:49.577+00;119;168
193;;100;;2017-12-05 18:30:50.451+00;2017-12-05 18:30:50.451+00;1;168
194;;100;;2017-12-05 18:30:51.156+00;2017-12-05 18:30:51.156+00;26;168
195;;100;;2017-12-05 18:30:52.374+00;2017-12-05 18:30:52.374+00;90;163
196;;100;;2017-12-05 18:30:54.277+00;2017-12-05 18:30:54.277+00;69;163
197;;100;;2017-12-05 18:30:56.357+00;2017-12-05 18:30:56.357+00;9;163
198;;100;;2017-12-05 18:30:57.576+00;2017-12-05 18:30:57.576+00;79;163
199;;100;;2017-12-05 18:30:58.454+00;2017-12-05 18:30:58.454+00;116;163
200;;100;;2017-12-05 18:30:59.672+00;2017-12-05 18:30:59.672+00;50;163
201;;100;;2017-12-05 18:31:01.062+00;2017-12-05 18:31:01.062+00;5;163
202;;100;;2017-12-05 18:31:01.936+00;2017-12-05 18:31:01.936+00;150;163
203;;100;;2017-12-05 18:31:02.808+00;2017-12-05 18:31:02.808+00;144;163
204;;100;;2017-12-05 18:31:04.206+00;2017-12-05 18:31:04.206+00;83;163
205;;100;;2017-12-05 18:31:05.425+00;2017-12-05 18:31:05.425+00;103;163
206;;100;;2017-12-05 18:31:06.296+00;2017-12-05 18:31:06.296+00;119;163
207;;100;;2017-12-05 18:31:07.164+00;2017-12-05 18:31:07.164+00;1;163
208;;100;;2017-12-05 18:31:07.864+00;2017-12-05 18:31:07.864+00;26;163
209;;100;;2017-12-05 18:31:09.085+00;2017-12-05 18:31:09.085+00;90;175
210;;100;;2017-12-05 18:31:11.023+00;2017-12-05 18:31:11.023+00;69;175
211;;100;;2017-12-05 18:31:13.107+00;2017-12-05 18:31:13.107+00;9;175
212;;100;;2017-12-05 18:31:14.329+00;2017-12-05 18:31:14.329+00;79;175
213;;100;;2017-12-05 18:31:15.199+00;2017-12-05 18:31:15.199+00;116;175
214;;100;;2017-12-05 18:31:16.416+00;2017-12-05 18:31:16.416+00;50;175
215;;100;;2017-12-05 18:31:17.815+00;2017-12-05 18:31:17.815+00;5;175
216;;100;;2017-12-05 18:31:18.689+00;2017-12-05 18:31:18.689+00;150;175
217;;100;;2017-12-05 18:31:19.577+00;2017-12-05 18:31:19.577+00;144;175
218;;100;;2017-12-05 18:31:20.969+00;2017-12-05 18:31:20.969+00;83;175
219;;100;;2017-12-05 18:31:22.181+00;2017-12-05 18:31:22.181+00;103;175
220;;100;;2017-12-05 18:31:23.05+00;2017-12-05 18:31:23.05+00;119;175
221;;100;;2017-12-05 18:31:23.922+00;2017-12-05 18:31:23.922+00;1;175
222;;100;;2017-12-05 18:31:24.621+00;2017-12-05 18:31:24.621+00;26;175
223;;100;;2017-12-05 18:31:25.837+00;2017-12-05 18:31:25.837+00;90;122
224;;100;;2017-12-05 18:31:27.746+00;2017-12-05 18:31:27.746+00;69;122
225;;100;;2017-12-05 18:31:29.826+00;2017-12-05 18:31:29.826+00;9;122
226;;100;;2017-12-05 18:31:31.04+00;2017-12-05 18:31:31.04+00;79;122
227;;100;;2017-12-05 18:31:31.908+00;2017-12-05 18:31:31.908+00;116;122
228;;100;;2017-12-05 18:31:33.13+00;2017-12-05 18:31:33.13+00;50;122
229;;100;;2017-12-05 18:31:34.519+00;2017-12-05 18:31:34.519+00;5;122
230;;100;;2017-12-05 18:31:35.391+00;2017-12-05 18:31:35.391+00;150;122
231;;100;;2017-12-05 18:31:36.265+00;2017-12-05 18:31:36.265+00;144;122
232;;100;;2017-12-05 18:31:37.653+00;2017-12-05 18:31:37.653+00;83;122
233;;100;;2017-12-05 18:31:38.868+00;2017-12-05 18:31:38.868+00;103;122
234;;100;;2017-12-05 18:31:39.743+00;2017-12-05 18:31:39.743+00;119;122
235;;100;;2017-12-05 18:31:40.615+00;2017-12-05 18:31:40.615+00;1;122
236;;100;;2017-12-05 18:31:41.315+00;2017-12-05 18:31:41.315+00;26;122
250;;120;;2017-12-05 18:31:57.164+00;2017-12-05 18:31:57.164+00;90;88
251;;120;;2017-12-05 18:31:59.077+00;2017-12-05 18:31:59.077+00;69;88
252;;120;;2017-12-05 18:32:01.167+00;2017-12-05 18:32:01.167+00;9;88
253;;120;;2017-12-05 18:32:02.391+00;2017-12-05 18:32:02.391+00;79;88
254;;120;;2017-12-05 18:32:03.263+00;2017-12-05 18:32:03.263+00;116;88
255;;120;;2017-12-05 18:32:04.482+00;2017-12-05 18:32:04.482+00;50;88
256;;120;;2017-12-05 18:32:05.877+00;2017-12-05 18:32:05.877+00;5;88
257;;120;;2017-12-05 18:32:06.747+00;2017-12-05 18:32:06.747+00;150;88
258;;120;;2017-12-05 18:32:07.62+00;2017-12-05 18:32:07.62+00;144;88
259;;120;;2017-12-05 18:32:09.007+00;2017-12-05 18:32:09.007+00;83;88
260;;120;;2017-12-05 18:32:10.231+00;2017-12-05 18:32:10.231+00;103;88
261;;120;;2017-12-05 18:32:11.11+00;2017-12-05 18:32:11.11+00;119;88
262;;120;;2017-12-05 18:32:11.996+00;2017-12-05 18:32:11.996+00;1;88
263;;120;;2017-12-05 18:32:12.698+00;2017-12-05 18:32:12.698+00;26;88
264;;4;;2017-12-05 18:32:13.924+00;2017-12-05 18:32:13.924+00;90;226
265;;4;;2017-12-05 18:32:15.831+00;2017-12-05 18:32:15.831+00;69;226
266;;0;;2017-12-05 18:32:17.913+00;2017-12-05 18:32:17.913+00;9;226
267;;4;;2017-12-05 18:32:19.138+00;2017-12-05 18:32:19.138+00;79;226
268;;0;;2017-12-05 18:32:20.011+00;2017-12-05 18:32:20.011+00;116;226
269;;0;;2017-12-05 18:32:21.234+00;2017-12-05 18:32:21.234+00;50;226
270;;0;;2017-12-05 18:32:22.641+00;2017-12-05 18:32:22.641+00;5;226
271;;0;;2017-12-05 18:32:23.514+00;2017-12-05 18:32:23.514+00;150;226
272;;0;;2017-12-05 18:32:24.387+00;2017-12-05 18:32:24.387+00;144;226
273;;4;;2017-12-05 18:32:25.78+00;2017-12-05 18:32:25.78+00;83;226
274;;0;;2017-12-05 18:32:26.656+00;2017-12-05 18:32:26.656+00;119;226
275;;4;;2017-12-05 18:32:27.527+00;2017-12-05 18:32:27.527+00;1;226
276;;0;;2017-12-05 18:32:28.227+00;2017-12-05 18:32:28.227+00;26;226
277;;120;;2017-12-05 18:32:29.45+00;2017-12-05 18:32:29.45+00;90;87
278;;120;;2017-12-05 18:32:31.373+00;2017-12-05 18:32:31.373+00;69;87
279;;120;;2017-12-05 18:32:33.473+00;2017-12-05 18:32:33.473+00;9;87
280;;120;;2017-12-05 18:32:34.729+00;2017-12-05 18:32:34.729+00;79;87
281;;120;;2017-12-05 18:32:35.604+00;2017-12-05 18:32:35.604+00;116;87
282;;120;;2017-12-05 18:32:36.824+00;2017-12-05 18:32:36.824+00;50;87
283;;120;;2017-12-05 18:32:38.22+00;2017-12-05 18:32:38.22+00;5;87
284;;120;;2017-12-05 18:32:39.093+00;2017-12-05 18:32:39.093+00;150;87
285;;120;;2017-12-05 18:32:39.967+00;2017-12-05 18:32:39.967+00;144;87
286;;120;;2017-12-05 18:32:41.356+00;2017-12-05 18:32:41.356+00;83;87
287;;120;;2017-12-05 18:32:42.573+00;2017-12-05 18:32:42.573+00;103;87
288;;120;;2017-12-05 18:32:43.454+00;2017-12-05 18:32:43.454+00;119;87
289;;120;;2017-12-05 18:32:44.33+00;2017-12-05 18:32:44.33+00;1;87
290;;120;;2017-12-05 18:32:45.024+00;2017-12-05 18:32:45.024+00;26;87
291;;100;;2017-12-05 18:32:46.245+00;2017-12-05 18:32:46.245+00;90;77
292;;100;;2017-12-05 18:32:48.173+00;2017-12-05 18:32:48.173+00;69;77
293;;100;;2017-12-05 18:32:50.259+00;2017-12-05 18:32:50.259+00;9;77
294;;100;;2017-12-05 18:32:51.477+00;2017-12-05 18:32:51.477+00;79;77
295;;100;;2017-12-05 18:32:52.344+00;2017-12-05 18:32:52.344+00;116;77
296;;100;;2017-12-05 18:32:53.563+00;2017-12-05 18:32:53.563+00;50;77
297;;100;;2017-12-05 18:32:54.952+00;2017-12-05 18:32:54.952+00;5;77
298;;100;;2017-12-05 18:32:55.83+00;2017-12-05 18:32:55.83+00;150;77
299;;100;;2017-12-05 18:32:56.702+00;2017-12-05 18:32:56.702+00;144;77
300;;100;;2017-12-05 18:32:58.094+00;2017-12-05 18:32:58.094+00;83;77
301;;100;;2017-12-05 18:32:59.317+00;2017-12-05 18:32:59.317+00;103;77
302;;100;;2017-12-05 18:33:00.196+00;2017-12-05 18:33:00.196+00;119;77
303;;100;;2017-12-05 18:33:01.069+00;2017-12-05 18:33:01.069+00;1;77
304;;100;;2017-12-05 18:33:01.767+00;2017-12-05 18:33:01.767+00;26;77
305;;120;;2017-12-05 18:33:02.983+00;2017-12-05 18:33:02.983+00;90;83
306;;120;;2017-12-05 18:33:04.898+00;2017-12-05 18:33:04.898+00;69;83
307;;120;;2017-12-05 18:33:07.105+00;2017-12-05 18:33:07.105+00;9;83
308;;120;;2017-12-05 18:33:08.342+00;2017-12-05 18:33:08.342+00;79;83
309;;120;;2017-12-05 18:33:09.216+00;2017-12-05 18:33:09.216+00;116;83
310;;120;;2017-12-05 18:33:10.434+00;2017-12-05 18:33:10.434+00;50;83
311;;120;;2017-12-05 18:33:11.825+00;2017-12-05 18:33:11.825+00;5;83
312;;120;;2017-12-05 18:33:12.697+00;2017-12-05 18:33:12.697+00;150;83
313;;120;;2017-12-05 18:33:13.73+00;2017-12-05 18:33:13.73+00;144;83
314;;120;;2017-12-05 18:33:17.059+00;2017-12-05 18:33:17.059+00;83;83
315;;120;;2017-12-05 18:33:18.963+00;2017-12-05 18:33:18.963+00;103;83
316;;120;;2017-12-05 18:33:19.84+00;2017-12-05 18:33:19.84+00;119;83
317;;120;;2017-12-05 18:33:20.714+00;2017-12-05 18:33:20.714+00;1;83
318;;120;;2017-12-05 18:33:21.412+00;2017-12-05 18:33:21.412+00;26;83
319;;4;;2017-12-05 18:33:22.63+00;2017-12-05 18:33:22.63+00;90;30
320;;4;;2017-12-05 18:33:24.545+00;2017-12-05 18:33:24.545+00;69;30
321;;0;;2017-12-05 18:33:26.626+00;2017-12-05 18:33:26.626+00;9;30
322;;4;;2017-12-05 18:33:27.852+00;2017-12-05 18:33:27.852+00;79;30
323;;0;;2017-12-05 18:33:28.723+00;2017-12-05 18:33:28.723+00;116;30
324;;0;;2017-12-05 18:33:29.944+00;2017-12-05 18:33:29.944+00;50;30
325;;0;;2017-12-05 18:33:31.343+00;2017-12-05 18:33:31.343+00;5;30
326;;0;;2017-12-05 18:33:32.223+00;2017-12-05 18:33:32.223+00;150;30
327;;0;;2017-12-05 18:33:33.097+00;2017-12-05 18:33:33.097+00;144;30
328;;4;;2017-12-05 18:33:34.491+00;2017-12-05 18:33:34.491+00;83;30
329;;0;;2017-12-05 18:33:35.365+00;2017-12-05 18:33:35.365+00;119;30
330;;4;;2017-12-05 18:33:36.241+00;2017-12-05 18:33:36.241+00;1;30
331;;0;;2017-12-05 18:33:36.952+00;2017-12-05 18:33:36.952+00;26;30
332;;100;;2017-12-05 18:33:38.172+00;2017-12-05 18:33:38.172+00;90;16
333;;100;;2017-12-05 18:33:40.085+00;2017-12-05 18:33:40.085+00;69;16
334;;100;;2017-12-05 18:33:42.164+00;2017-12-05 18:33:42.164+00;9;16
335;;100;;2017-12-05 18:33:43.382+00;2017-12-05 18:33:43.382+00;79;16
336;;100;;2017-12-05 18:33:44.255+00;2017-12-05 18:33:44.255+00;116;16
337;;100;;2017-12-05 18:33:45.473+00;2017-12-05 18:33:45.473+00;50;16
338;;100;;2017-12-05 18:33:46.863+00;2017-12-05 18:33:46.863+00;5;16
339;;100;;2017-12-05 18:33:47.732+00;2017-12-05 18:33:47.732+00;150;16
340;;100;;2017-12-05 18:33:48.604+00;2017-12-05 18:33:48.604+00;144;16
341;;100;;2017-12-05 18:33:49.991+00;2017-12-05 18:33:49.991+00;83;16
342;;100;;2017-12-05 18:33:51.21+00;2017-12-05 18:33:51.21+00;103;16
343;;100;;2017-12-05 18:33:52.087+00;2017-12-05 18:33:52.087+00;119;16
344;;100;;2017-12-05 18:33:52.964+00;2017-12-05 18:33:52.964+00;1;16
345;;100;;2017-12-05 18:33:53.669+00;2017-12-05 18:33:53.669+00;26;16
346;;100;;2017-12-05 18:33:54.888+00;2017-12-05 18:33:54.888+00;90;110
347;;100;;2017-12-05 18:33:56.803+00;2017-12-05 18:33:56.803+00;69;110
348;;100;;2017-12-05 18:33:58.905+00;2017-12-05 18:33:58.905+00;9;110
349;;100;;2017-12-05 18:34:00.132+00;2017-12-05 18:34:00.132+00;79;110
350;;100;;2017-12-05 18:34:01.006+00;2017-12-05 18:34:01.006+00;116;110
351;;100;;2017-12-05 18:34:02.227+00;2017-12-05 18:34:02.227+00;50;110
352;;100;;2017-12-05 18:34:03.62+00;2017-12-05 18:34:03.62+00;5;110
353;;100;;2017-12-05 18:34:04.493+00;2017-12-05 18:34:04.493+00;150;110
354;;100;;2017-12-05 18:34:05.364+00;2017-12-05 18:34:05.364+00;144;110
355;;100;;2017-12-05 18:34:06.754+00;2017-12-05 18:34:06.754+00;83;110
356;;100;;2017-12-05 18:34:07.976+00;2017-12-05 18:34:07.976+00;103;110
357;;100;;2017-12-05 18:34:08.849+00;2017-12-05 18:34:08.849+00;119;110
358;;100;;2017-12-05 18:34:09.721+00;2017-12-05 18:34:09.721+00;1;110
359;;100;;2017-12-05 18:34:10.421+00;2017-12-05 18:34:10.421+00;26;110
373;;100;;2017-12-05 18:34:26.297+00;2017-12-05 18:34:26.297+00;90;85
374;;100;;2017-12-05 18:34:28.211+00;2017-12-05 18:34:28.211+00;69;85
375;;100;;2017-12-05 18:34:30.299+00;2017-12-05 18:34:30.299+00;9;85
376;;100;;2017-12-05 18:34:31.525+00;2017-12-05 18:34:31.525+00;79;85
377;;100;;2017-12-05 18:34:32.404+00;2017-12-05 18:34:32.404+00;116;85
378;;100;;2017-12-05 18:34:33.622+00;2017-12-05 18:34:33.622+00;50;85
379;;100;;2017-12-05 18:34:35.019+00;2017-12-05 18:34:35.019+00;5;85
380;;100;;2017-12-05 18:34:35.896+00;2017-12-05 18:34:35.896+00;150;85
381;;100;;2017-12-05 18:34:36.767+00;2017-12-05 18:34:36.767+00;144;85
382;;100;;2017-12-05 18:34:38.161+00;2017-12-05 18:34:38.161+00;83;85
383;;100;;2017-12-05 18:34:39.378+00;2017-12-05 18:34:39.378+00;103;85
384;;100;;2017-12-05 18:34:40.251+00;2017-12-05 18:34:40.251+00;119;85
385;;100;;2017-12-05 18:34:41.125+00;2017-12-05 18:34:41.125+00;1;85
386;;100;;2017-12-05 18:34:41.837+00;2017-12-05 18:34:41.837+00;26;85
387;;80;;2017-12-05 18:34:43.058+00;2017-12-05 18:34:43.058+00;90;151
388;;80;;2017-12-05 18:34:44.984+00;2017-12-05 18:34:44.984+00;69;151
389;;80;;2017-12-05 18:34:47.084+00;2017-12-05 18:34:47.084+00;9;151
390;;80;;2017-12-05 18:34:48.314+00;2017-12-05 18:34:48.314+00;79;151
391;;80;;2017-12-05 18:34:49.196+00;2017-12-05 18:34:49.196+00;116;151
392;;80;;2017-12-05 18:34:50.414+00;2017-12-05 18:34:50.414+00;50;151
393;;80;;2017-12-05 18:34:51.811+00;2017-12-05 18:34:51.811+00;5;151
394;;80;;2017-12-05 18:34:52.685+00;2017-12-05 18:34:52.685+00;150;151
395;;80;;2017-12-05 18:34:53.555+00;2017-12-05 18:34:53.555+00;144;151
396;;80;;2017-12-05 18:34:54.949+00;2017-12-05 18:34:54.949+00;83;151
397;;80;;2017-12-05 18:34:56.177+00;2017-12-05 18:34:56.177+00;103;151
398;;80;;2017-12-05 18:34:57.094+00;2017-12-05 18:34:57.094+00;119;151
399;;80;;2017-12-05 18:34:57.968+00;2017-12-05 18:34:57.968+00;1;151
400;;80;;2017-12-05 18:34:58.666+00;2017-12-05 18:34:58.666+00;26;151
401;;100;;2017-12-05 18:34:59.878+00;2017-12-05 18:34:59.878+00;90;53
402;;100;;2017-12-05 18:35:01.781+00;2017-12-05 18:35:01.781+00;69;53
403;;100;;2017-12-05 18:35:03.862+00;2017-12-05 18:35:03.862+00;9;53
404;;100;;2017-12-05 18:35:05.081+00;2017-12-05 18:35:05.081+00;79;53
405;;100;;2017-12-05 18:35:05.955+00;2017-12-05 18:35:05.955+00;116;53
406;;100;;2017-12-05 18:35:07.18+00;2017-12-05 18:35:07.18+00;50;53
407;;100;;2017-12-05 18:35:08.571+00;2017-12-05 18:35:08.571+00;5;53
408;;100;;2017-12-05 18:35:09.441+00;2017-12-05 18:35:09.441+00;150;53
409;;100;;2017-12-05 18:35:10.313+00;2017-12-05 18:35:10.313+00;144;53
410;;100;;2017-12-05 18:35:11.706+00;2017-12-05 18:35:11.706+00;83;53
411;;100;;2017-12-05 18:35:12.924+00;2017-12-05 18:35:12.924+00;103;53
412;;100;;2017-12-05 18:35:13.81+00;2017-12-05 18:35:13.81+00;119;53
413;;100;;2017-12-05 18:35:14.694+00;2017-12-05 18:35:14.694+00;1;53
414;;100;;2017-12-05 18:35:15.397+00;2017-12-05 18:35:15.397+00;26;53
415;;80;;2017-12-05 18:35:16.62+00;2017-12-05 18:35:16.62+00;90;32
416;;80;;2017-12-05 18:35:18.536+00;2017-12-05 18:35:18.536+00;69;32
417;;80;;2017-12-05 18:35:20.633+00;2017-12-05 18:35:20.633+00;9;32
418;;80;;2017-12-05 18:35:21.854+00;2017-12-05 18:35:21.854+00;79;32
419;;80;;2017-12-05 18:35:22.722+00;2017-12-05 18:35:22.722+00;116;32
420;;80;;2017-12-05 18:35:23.98+00;2017-12-05 18:35:23.98+00;50;32
421;;80;;2017-12-05 18:35:25.373+00;2017-12-05 18:35:25.373+00;5;32
422;;80;;2017-12-05 18:35:26.244+00;2017-12-05 18:35:26.244+00;150;32
423;;80;;2017-12-05 18:35:27.124+00;2017-12-05 18:35:27.124+00;144;32
424;;80;;2017-12-05 18:35:28.519+00;2017-12-05 18:35:28.519+00;83;32
425;;80;;2017-12-05 18:35:29.736+00;2017-12-05 18:35:29.736+00;103;32
426;;80;;2017-12-05 18:35:30.61+00;2017-12-05 18:35:30.61+00;119;32
427;;80;;2017-12-05 18:35:31.486+00;2017-12-05 18:35:31.486+00;1;32
428;;80;;2017-12-05 18:35:32.189+00;2017-12-05 18:35:32.189+00;26;32
429;;100;;2017-12-05 18:35:33.413+00;2017-12-05 18:35:33.413+00;90;41
430;;100;;2017-12-05 18:35:35.332+00;2017-12-05 18:35:35.332+00;69;41
431;;100;;2017-12-05 18:35:37.419+00;2017-12-05 18:35:37.419+00;9;41
432;;100;;2017-12-05 18:35:38.637+00;2017-12-05 18:35:38.637+00;79;41
433;;100;;2017-12-05 18:35:39.513+00;2017-12-05 18:35:39.513+00;116;41
434;;100;;2017-12-05 18:35:40.733+00;2017-12-05 18:35:40.733+00;50;41
435;;100;;2017-12-05 18:35:42.135+00;2017-12-05 18:35:42.135+00;5;41
436;;100;;2017-12-05 18:35:43.013+00;2017-12-05 18:35:43.013+00;150;41
437;;100;;2017-12-05 18:35:43.89+00;2017-12-05 18:35:43.89+00;144;41
438;;100;;2017-12-05 18:35:45.34+00;2017-12-05 18:35:45.34+00;83;41
439;;100;;2017-12-05 18:35:46.559+00;2017-12-05 18:35:46.559+00;103;41
440;;100;;2017-12-05 18:35:47.435+00;2017-12-05 18:35:47.435+00;119;41
441;;100;;2017-12-05 18:35:48.313+00;2017-12-05 18:35:48.313+00;1;41
442;;100;;2017-12-05 18:35:49.011+00;2017-12-05 18:35:49.011+00;26;41
443;;100;;2017-12-05 18:35:50.23+00;2017-12-05 18:35:50.23+00;90;26
444;;100;;2017-12-05 18:35:52.147+00;2017-12-05 18:35:52.147+00;69;26
445;;100;;2017-12-05 18:35:54.228+00;2017-12-05 18:35:54.228+00;9;26
446;;100;;2017-12-05 18:35:55.447+00;2017-12-05 18:35:55.447+00;79;26
447;;100;;2017-12-05 18:35:56.339+00;2017-12-05 18:35:56.339+00;116;26
448;;100;;2017-12-05 18:35:57.588+00;2017-12-05 18:35:57.588+00;50;26
449;;100;;2017-12-05 18:35:59.009+00;2017-12-05 18:35:59.009+00;5;26
450;;100;;2017-12-05 18:35:59.883+00;2017-12-05 18:35:59.883+00;150;26
451;;100;;2017-12-05 18:36:00.758+00;2017-12-05 18:36:00.758+00;144;26
452;;100;;2017-12-05 18:36:02.149+00;2017-12-05 18:36:02.149+00;83;26
453;;100;;2017-12-05 18:36:03.367+00;2017-12-05 18:36:03.367+00;103;26
454;;100;;2017-12-05 18:36:04.243+00;2017-12-05 18:36:04.243+00;119;26
455;;100;;2017-12-05 18:36:05.12+00;2017-12-05 18:36:05.12+00;1;26
456;;100;;2017-12-05 18:36:05.892+00;2017-12-05 18:36:05.892+00;26;26
457;;100;;2017-12-05 18:36:07.11+00;2017-12-05 18:36:07.11+00;90;49
458;;100;;2017-12-05 18:36:09.022+00;2017-12-05 18:36:09.022+00;69;49
459;;100;;2017-12-05 18:36:11.136+00;2017-12-05 18:36:11.136+00;9;49
460;;100;;2017-12-05 18:36:12.35+00;2017-12-05 18:36:12.35+00;79;49
461;;100;;2017-12-05 18:36:13.221+00;2017-12-05 18:36:13.221+00;116;49
462;;100;;2017-12-05 18:36:14.441+00;2017-12-05 18:36:14.441+00;50;49
463;;100;;2017-12-05 18:36:15.83+00;2017-12-05 18:36:15.83+00;5;49
464;;100;;2017-12-05 18:36:16.702+00;2017-12-05 18:36:16.702+00;150;49
465;;100;;2017-12-05 18:36:17.574+00;2017-12-05 18:36:17.574+00;144;49
466;;100;;2017-12-05 18:36:18.964+00;2017-12-05 18:36:18.964+00;83;49
467;;100;;2017-12-05 18:36:20.188+00;2017-12-05 18:36:20.188+00;103;49
468;;100;;2017-12-05 18:36:21.059+00;2017-12-05 18:36:21.059+00;119;49
469;;100;;2017-12-05 18:36:21.935+00;2017-12-05 18:36:21.935+00;1;49
470;;100;;2017-12-05 18:36:22.632+00;2017-12-05 18:36:22.632+00;26;49
471;;100;;2017-12-05 18:36:23.846+00;2017-12-05 18:36:23.846+00;90;107
472;;100;;2017-12-05 18:36:25.767+00;2017-12-05 18:36:25.767+00;69;107
473;;100;;2017-12-05 18:36:27.853+00;2017-12-05 18:36:27.853+00;9;107
474;;100;;2017-12-05 18:36:29.071+00;2017-12-05 18:36:29.071+00;79;107
475;;100;;2017-12-05 18:36:29.949+00;2017-12-05 18:36:29.949+00;116;107
476;;100;;2017-12-05 18:36:31.168+00;2017-12-05 18:36:31.168+00;50;107
477;;100;;2017-12-05 18:36:32.572+00;2017-12-05 18:36:32.572+00;5;107
478;;100;;2017-12-05 18:36:33.45+00;2017-12-05 18:36:33.45+00;150;107
479;;100;;2017-12-05 18:36:34.33+00;2017-12-05 18:36:34.33+00;144;107
480;;100;;2017-12-05 18:36:35.721+00;2017-12-05 18:36:35.721+00;83;107
481;;100;;2017-12-05 18:36:36.936+00;2017-12-05 18:36:36.936+00;103;107
482;;100;;2017-12-05 18:36:37.81+00;2017-12-05 18:36:37.81+00;119;107
483;;100;;2017-12-05 18:36:38.679+00;2017-12-05 18:36:38.679+00;1;107
484;;100;;2017-12-05 18:36:39.378+00;2017-12-05 18:36:39.378+00;26;107
485;;80;;2017-12-05 18:36:40.623+00;2017-12-05 18:36:40.623+00;90;33
486;;80;;2017-12-05 18:36:42.543+00;2017-12-05 18:36:42.543+00;69;33
487;;80;;2017-12-05 18:36:44.641+00;2017-12-05 18:36:44.641+00;9;33
488;;80;;2017-12-05 18:36:45.861+00;2017-12-05 18:36:45.861+00;79;33
489;;80;;2017-12-05 18:36:46.733+00;2017-12-05 18:36:46.733+00;116;33
490;;80;;2017-12-05 18:36:47.955+00;2017-12-05 18:36:47.955+00;50;33
491;;80;;2017-12-05 18:36:49.346+00;2017-12-05 18:36:49.346+00;5;33
492;;80;;2017-12-05 18:36:50.218+00;2017-12-05 18:36:50.218+00;150;33
493;;80;;2017-12-05 18:36:51.096+00;2017-12-05 18:36:51.096+00;144;33
494;;80;;2017-12-05 18:36:52.492+00;2017-12-05 18:36:52.492+00;83;33
495;;80;;2017-12-05 18:36:53.712+00;2017-12-05 18:36:53.712+00;103;33
496;;80;;2017-12-05 18:36:54.583+00;2017-12-05 18:36:54.583+00;119;33
497;;80;;2017-12-05 18:36:55.46+00;2017-12-05 18:36:55.46+00;1;33
498;;80;;2017-12-05 18:36:56.162+00;2017-12-05 18:36:56.162+00;26;33
499;;100;;2017-12-05 18:36:57.385+00;2017-12-05 18:36:57.385+00;90;185
500;;100;;2017-12-05 18:36:59.321+00;2017-12-05 18:36:59.321+00;69;185
501;;100;;2017-12-05 18:37:01.401+00;2017-12-05 18:37:01.401+00;9;185
502;;100;;2017-12-05 18:37:02.617+00;2017-12-05 18:37:02.617+00;79;185
503;;100;;2017-12-05 18:37:03.489+00;2017-12-05 18:37:03.489+00;116;185
504;;100;;2017-12-05 18:37:04.703+00;2017-12-05 18:37:04.703+00;50;185
505;;100;;2017-12-05 18:37:06.101+00;2017-12-05 18:37:06.101+00;5;185
506;;100;;2017-12-05 18:37:06.973+00;2017-12-05 18:37:06.973+00;150;185
507;;100;;2017-12-05 18:37:07.859+00;2017-12-05 18:37:07.859+00;144;185
508;;100;;2017-12-05 18:37:09.253+00;2017-12-05 18:37:09.253+00;83;185
509;;100;;2017-12-05 18:37:10.492+00;2017-12-05 18:37:10.492+00;103;185
510;;100;;2017-12-05 18:37:11.373+00;2017-12-05 18:37:11.373+00;119;185
511;;100;;2017-12-05 18:37:12.253+00;2017-12-05 18:37:12.253+00;1;185
512;;100;;2017-12-05 18:37:12.956+00;2017-12-05 18:37:12.956+00;26;185
